Name,precision@1,precision@5,precision@10,precision@20,precision@30,recall@1,recall@5,recall@10,recall@20,recall@30
multisimilarity,1.0,0.41700000000000054,0.3255000000000001,0.26150000000000023,0.23016666666666666,0.034539618260402534,0.07163130608559856,0.11164728664843082,0.17922647416090193,0.2364433345389512
triplet,1.0,0.20700000000000024,0.10750000000000018,0.056250000000000105,0.0391666666666666,0.034539618260402534,0.035706284927069204,0.037191328119758574,0.03908688034364663,0.040920213676979976
contrastive,1.0,0.20200000000000012,0.10550000000000011,0.055750000000000105,0.04016666666666659,0.034539618260402534,0.03487869872017265,0.036410086872250454,0.03846655863636839,0.041483800015678744
cosface,0.0,0.0,0.001,0.0017499999999999998,0.0018333333333333333,0.0,0.0,0.00033908045977011495,0.001189655172413793,0.0018563218390804598
softtriple,1.0,0.41400000000000037,0.33,0.26475,0.23433333333333362,0.034539618260402534,0.07105763946957815,0.1130269153627672,0.18170448006508952,0.24095022603087002
arcface,0.0,0.004,0.004,0.0032500000000000003,0.003,0.0,0.0006724137931034482,0.0013505747126436782,0.0021839080459770113,0.0030463875205254515
proxyNCA,0.14,0.054999999999999966,0.04299999999999996,0.03049999999999996,0.02516666666666666,0.004701559934318554,0.009250189465706717,0.014522367936910663,0.02055151407812577,0.025496916376976334
